subject code,subject name,pass percentage,passed count,total Attended
R2021011,Mathematics 3,37.29662,298,799
R2021054,MFCS,57.303368,459,801
R2021121,DBMS,69.78852,462,662
R2021422,OOP Java,64.80363,429,662
R2021431,CAI AI ,72.72727,96,132
R2021052,Operating systems,61.870502,86,139
R2021061,Data Structure,84.89209,118,139
R2021062,Java Programming,62.589924,87,139
R2021421,CSM AI,72.22222,130,180
R2021441,Fundamentals of Data Science,64.02878,89,139
R2021451,AID AI,71.56398,151,211
